Workbook

Sheet Data
A1: Date | B1: SPY Adj Close | C1: AGG Adj Close | D1: MSFT Adj Close | F1: Returns Monthly | G1: SPY | H1: AGG | I1: MSFT
A2: 44228 | B2: 355.06 | C2: 99.43 | D2: 222.98 | G2: =LN(B3/B2) -> 0.041108102 | H2: =LN(C3/C2) -> -0.011531586 | I2: =LN(D3/D2) -> 0.016766008
A3: 44256 | B3: 369.96 | C3: 98.29 | D3: 226.75 | G3: =LN(B4/B3) -> 0.054852204 | H3: =LN(C4/C3) -> 0.0073995574 | I3: =LN(D4/D3) -> 0.067277325
A4: 44287 | B4: 390.82 | C4: 99.02 | D4: 242.53 | G4: =LN(B5/B4) -> 0.0065289699 | H4: =LN(C5/C4) -> 0.0020177569 | I4: =LN(D5/D4) -> -0.0099449707
A5: 44317 | B5: 393.38 | C5: 99.22 | D5: 240.13 | G5: =LN(B6/B5) -> 0.01891101 | H5: =LN(C6/C5) -> 0.0083304542 | I5: =LN(D6/D5) -> 0.083876219
A6: 44348 | B6: 400.89 | C6: 100.05 | D6: 261.14 | G6: =LN(B7/B6) -> 0.027384816 | H6: =LN(C7/C6) -> 0.01743827 | I6: =LN(D7/D6) -> 0.050404487
A7: 44378 | B7: 412.02 | C7: 101.81 | D7: 274.64 | G7: =LN(B8/B7) -> 0.029321723 | H7: =LN(C8/C7) -> -0.0083839323 | I7: =LN(D8/D7) -> 0.057862118
A8: 44409 | B8: 424.28 | C8: 100.96 | D8: 291 | G8: =LN(B9/B8) -> -0.050911296 | H8: =LN(C9/C8) -> -0.0091542928 | I8: =LN(D9/D8) -> -0.066492319
A9: 44440 | B9: 403.22 | C9: 100.04 | D9: 272.28 | G9: =LN(B10/B9) -> 0.071001335 | H9: =LN(C10/C9) -> -0.00019994002 | I9: =LN(D10/D9) -> 0.16236466
A10: 44470 | B10: 432.89 | C10: 100.02 | D10: 320.28 | G10: =LN(B11/B10) -> -0.0080714807 | H10: =LN(C11/C10) -> 0.0026958231 | I10: =LN(D11/D10) -> -0.0030958325
A11: 44501 | B11: 429.41 | C11: 100.29 | D11: 319.29 | G11: =LN(B12/B11) -> 0.041711192 | H11: =LN(C12/C11) -> -0.0044970845 | I11: =LN(D12/D11) -> 0.019016875
A12: 44531 | B12: 447.7 | C12: 99.84 | D12: 325.42 | G12: =LN(B13/B12) -> -0.050670421 | H12: =LN(C13/C12) -> -0.017785432 | I12: =LN(D13/D12) -> -0.078338672
A13: 44562 | B13: 425.58 | C13: 98.08 | D13: 300.9 | G13: =LN(B14/B13) -> -0.029956927 | H13: =LN(C14/C13) -> -0.012929888 | I13: =LN(D14/D13) -> -0.040005335
... A60: 45992 | B60: 679.91 | C60: 99.23 | D60: 483.62 | G60: =LN(B61/B60) -> 0.01412228 | H60: =LN(C61/C60) -> 0.0089290786 | I60: =LN(D61/D60) -> -0.00031020898
A61: 46023 | B61: 689.58 | C61: 100.12 | D61: 483.47 | G61: =LN(B62/B61) -> #NUM! | H61: =LN(#REF!/C61) -> #REF! | I61: =LN(#REF!/D61) -> #REF!

Sheet Stats
A1: Averages Monthly Return | E1: Monthly volatility
A2: SPY | B2: AGG | C2: MSFT | E2: SPY | F2: AGG | G2: MSFT
A3: =AVERAGE(Data!G2:G60) -> 0.011250778 | B3: =AVERAGE(Data!H2:H60) -> 0.00011721335 | C3: =AVERAGE(Data!I2:I60) -> 0.013117071 | E3: =_xlfn.STDEV.S(Data!G2:G60) -> 0.044535798 | F3: =_xlfn.STDEV.S(Data!H2:H60) -> 0.018977371 | G3: =_xlfn.STDEV.S(Data!I2:I60) -> 0.063327451
A6: Annual Return | E6: Annual Volatility
A7: SPY | B7: AGG | C7: MSFT | E7: SPY | F7: AGG | G7: MSFT
A8: =AVERAGE(Data!G2:G60)*12 -> 0.13500934 | B8: =AVERAGE(Data!H2:H60)*12 -> 0.0014065602 | C8: =AVERAGE(Data!I2:I60)*12 -> 0.15740485 | E8: =_xlfn.STDEV.S(Data!G2:G60)*SQRT(12) -> 0.15427653 | F8: =_xlfn.STDEV.S(Data!H2:H60)*SQRT(12) -> 0.065739541 | G8: =_xlfn.STDEV.S(Data!I2:I60)*SQRT(12) -> 0.21937272
A11: Correlation | F11: Covariance
B12: SPY | C12: AGG | D12: MSFT | G12: SPY | H12: AGG | I12: MSFT
A13: SPY | B13: =CORREL(Data!G2:G60, Data!G2:G60) -> 1 | C13: =CORREL(Data!G2:G60, Data!H2:H60) -> 0.63553044 | D13: =CORREL(Data!G2:G60, Data!I2:I60) -> 0.73763331 | F13: SPY | G13: =(E3)^2 -> 0.0019834373 | H13: =C13*E3*F3 -> 0.00053713277 | I13: =D13*E3*G3 -> 0.0020803757
A14: AGG | B14: =CORREL(Data!H2:H60, Data!G2:G60) -> 0.63553044 | C14: =CORREL(Data!H2:H60, Data!H2:H60) -> 1 | D14: =CORREL(Data!H2:H60, Data!I2:I60) -> 0.4738959 | F14: AGG | G14: =C13*E3*F3 -> 0.00053713277 | H14: =(F3)^2 -> 0.00036014061 | I14: =D14*F3*G3 -> 0.00056952266
A15: MSFT | B15: =CORREL(Data!I2:I60, Data!G2:G60) -> 0.73763331 | C15: =CORREL(Data!I2:I60, Data!H2:H60) -> 0.4738959 | D15: =CORREL(Data!I2:I60, Data!I2:I60) -> 1 | F15: MSFT | G15: =D13*E3*G3 -> 0.0020803757 | H15: =D14*F3*G3 -> 0.00056952266 | I15: =(G3)^2 -> 0.004010366
A19: Assets | B19: Weights
A20: SPY | B20: 0.35
A21: AGG | B21: 0.25
A22: MSFT | B22: 0.4
A25: Portofolio Variance | C25: {=MMULT(MMULT(TRANSPOSE(B20:B22), G13:I15), B20:B22)} -> 0.0016975464
A26: Portfolio Volatility | C26: =SQRT(C25) -> 0.041201291

Sheet Chart
A1: Risk Return Table
A2: Asset | B2: Annual Return | C2: Annual Volatility (x)
A3: SPY | B3: =Stats!A8 -> 0.13500934 | C3: =Stats!E8 -> 0.15427653
A4: AGG | B4: =Stats!B8 -> 0.0014065602 | C4: =Stats!F8 -> 0.065739541
A5: MSFT | B5: =Stats!C8 -> 0.15740485 | C5: =Stats!G8 -> 0.21937272
A6: Portofolio | B6: =Stats!C25 -> 0.0016975464 | C6: =Stats!C26 -> 0.041201291
A12: This project evaluates the risk and return characteristics of a multi-asset investment portfolio using historical market data. The analysis focuses on SPY, AGG, and MSFT to examine how diversification impacts portfolio volatility and expected return. Monthly returns were calculated using adjusted closing prices, and key risk metrics including variance, covariance, correlation, and portfolio volatility were derived using Excel. The results demonstrate how combining assets with different risk profiles and correlations can reduce overall portfolio risk relative to holding individual securities. A risk–return scatter plot is used to visualize the tradeoff between volatility and return for each asset and the combined portfolio. This project highlights practical application of portfolio theory, quantitative risk analysis, and Excel-based financial modeling techniques commonly used in investment analysis.
